ano,mes,uf,municipio,codigo_ibge,cid_principal,procedimento,quantidade_aprovada,quantidade_apresentada
2021,1,RS,Capital-RS,,F900,0301010072,149,146
2021,1,RS,Capital-RS,,F901,0301010072,37,74
2021,1,RS,Capital-RS,,F908,0301010072,10,36
2021,1,RS,Capital-RS,,F909,0301010072,26,31
2021,1,SP,Capital-SP,,F900,0301010072,343,391
2021,1,SP,Capital-SP,,F901,0301010072,58,87
2021,1,SP,Capital-SP,,F908,0301010072,52,71
2021,1,SP,Capital-SP,,F909,0301010072,53,99
2021,1,RJ,Capital-RJ,,F900,0301010072,333,361
2021,1,RJ,Capital-RJ,,F901,0301010072,34,21
2021,1,RJ,Capital-RJ,,F908,0301010072,35,67
2021,1,RJ,Capital-RJ,,F909,0301010072,41,48
2021,1,MG,Capital-MG,,F900,0301010072,377,391
2021,1,MG,Capital-MG,,F901,0301010072,53,91
2021,1,MG,Capital-MG,,F908,0301010072,11,6
2021,1,MG,Capital-MG,,F909,0301010072,42,49
2021,1,PR,Capital-PR,,F900,0301010072,342,328
2021,1,PR,Capital-PR,,F901,0301010072,30,24
2021,1,PR,Capital-PR,,F908,0301010072,46,80
2021,1,PR,Capital-PR,,F909,0301010072,29,10
2021,1,SC,Capital-SC,,F900,0301010072,228,233
2021,1,SC,Capital-SC,,F901,0301010072,29,59
2021,1,SC,Capital-SC,,F908,0301010072,22,20
2021,1,SC,Capital-SC,,F909,0301010072,32,13
2021,2,RS,Capital-RS,,F900,0301010072,180,208
2021,2,RS,Capital-RS,,F901,0301010072,16,52
2021,2,RS,Capital-RS,,F908,0301010072,40,87
2021,2,RS,Capital-RS,,F909,0301010072,21,12
2021,2,SP,Capital-SP,,F900,0301010072,384,367
2021,2,SP,Capital-SP,,F901,0301010072,32,23
2021,2,SP,Capital-SP,,F908,0301010072,83,69
2021,2,SP,Capital-SP,,F909,0301010072,77,66
2021,2,RJ,Capital-RJ,,F900,0301010072,217,209
2021,2,RJ,Capital-RJ,,F901,0301010072,28,62
2021,2,RJ,Capital-RJ,,F908,0301010072,23,68
2021,2,RJ,Capital-RJ,,F909,0301010072,31,58
2021,2,MG,Capital-MG,,F900,0301010072,151,177
2021,2,MG,Capital-MG,,F901,0301010072,42,37
2021,2,MG,Capital-MG,,F908,0301010072,40,69
2021,2,MG,Capital-MG,,F909,0301010072,48,28
2021,2,PR,Capital-PR,,F900,0301010072,205,253
2021,2,PR,Capital-PR,,F901,0301010072,30,40
2021,2,PR,Capital-PR,,F908,0301010072,33,78
2021,2,PR,Capital-PR,,F909,0301010072,36,83
2021,2,SC,Capital-SC,,F900,0301010072,298,291
2021,2,SC,Capital-SC,,F901,0301010072,23,31
2021,2,SC,Capital-SC,,F908,0301010072,34,54
2021,2,SC,Capital-SC,,F909,0301010072,41,84
2021,3,RS,Capital-RS,,F900,0301010072,122,142
2021,3,RS,Capital-RS,,F901,0301010072,32,37
2021,3,RS,Capital-RS,,F908,0301010072,39,32
2021,3,RS,Capital-RS,,F909,0301010072,31,55
2021,3,SP,Capital-SP,,F900,0301010072,298,334
2021,3,SP,Capital-SP,,F901,0301010072,38,81
2021,3,SP,Capital-SP,,F908,0301010072,70,119
2021,3,SP,Capital-SP,,F909,0301010072,28,58
2021,3,RJ,Capital-RJ,,F900,0301010072,222,247
2021,3,RJ,Capital-RJ,,F901,0301010072,34,71
2021,3,RJ,Capital-RJ,,F908,0301010072,12,46
2021,3,RJ,Capital-RJ,,F909,0301010072,44,86
2021,3,MG,Capital-MG,,F900,0301010072,350,340
2021,3,MG,Capital-MG,,F901,0301010072,25,8
2021,3,MG,Capital-MG,,F908,0301010072,36,39
2021,3,MG,Capital-MG,,F909,0301010072,51,56
2021,3,PR,Capital-PR,,F900,0301010072,202,241
2021,3,PR,Capital-PR,,F901,0301010072,23,51
2021,3,PR,Capital-PR,,F908,0301010072,29,37
2021,3,PR,Capital-PR,,F909,0301010072,23,69
2021,3,SC,Capital-SC,,F900,0301010072,171,154
2021,3,SC,Capital-SC,,F901,0301010072,18,21
2021,3,SC,Capital-SC,,F908,0301010072,34,63
2021,3,SC,Capital-SC,,F909,0301010072,37,42
2021,4,RS,Capital-RS,,F900,0301010072,207,197
2021,4,RS,Capital-RS,,F901,0301010072,18,6
2021,4,RS,Capital-RS,,F908,0301010072,20,67
2021,4,RS,Capital-RS,,F909,0301010072,27,72
2021,4,SP,Capital-SP,,F900,0301010072,327,346
2021,4,SP,Capital-SP,,F901,0301010072,62,80
2021,4,SP,Capital-SP,,F908,0301010072,68,116
2021,4,SP,Capital-SP,,F909,0301010072,56,57
2021,4,RJ,Capital-RJ,,F900,0301010072,313,354
2021,4,RJ,Capital-RJ,,F901,0301010072,25,19
2021,4,RJ,Capital-RJ,,F908,0301010072,42,46
2021,4,RJ,Capital-RJ,,F909,0301010072,14,9
2021,4,MG,Capital-MG,,F900,0301010072,273,257
2021,4,MG,Capital-MG,,F901,0301010072,69,70
2021,4,MG,Capital-MG,,F908,0301010072,32,47
2021,4,MG,Capital-MG,,F909,0301010072,34,72
2021,4,PR,Capital-PR,,F900,0301010072,151,184
2021,4,PR,Capital-PR,,F901,0301010072,29,9
2021,4,PR,Capital-PR,,F908,0301010072,41,60
2021,4,PR,Capital-PR,,F909,0301010072,34,43
2021,4,SC,Capital-SC,,F900,0301010072,176,181
2021,4,SC,Capital-SC,,F901,0301010072,22,60
2021,4,SC,Capital-SC,,F908,0301010072,33,43
2021,4,SC,Capital-SC,,F909,0301010072,40,75
2021,5,RS,Capital-RS,,F900,0301010072,223,219
2021,5,RS,Capital-RS,,F901,0301010072,43,61
2021,5,RS,Capital-RS,,F908,0301010072,34,28
2021,5,RS,Capital-RS,,F909,0301010072,22,2
2021,5,SP,Capital-SP,,F900,0301010072,442,469
2021,5,SP,Capital-SP,,F901,0301010072,8,50
2021,5,SP,Capital-SP,,F908,0301010072,56,55
2021,5,SP,Capital-SP,,F909,0301010072,54,92
2021,5,RJ,Capital-RJ,,F900,0301010072,333,313
2021,5,RJ,Capital-RJ,,F901,0301010072,35,52
2021,5,RJ,Capital-RJ,,F908,0301010072,11,0
2021,5,RJ,Capital-RJ,,F909,0301010072,49,61
2021,5,MG,Capital-MG,,F900,0301010072,365,375
2021,5,MG,Capital-MG,,F901,0301010072,27,10
2021,5,MG,Capital-MG,,F908,0301010072,47,48
2021,5,MG,Capital-MG,,F909,0301010072,55,65
2021,5,PR,Capital-PR,,F900,0301010072,202,189
2021,5,PR,Capital-PR,,F901,0301010072,25,66
2021,5,PR,Capital-PR,,F908,0301010072,15,60
2021,5,PR,Capital-PR,,F909,0301010072,36,32
2021,5,SC,Capital-SC,,F900,0301010072,316,315
2021,5,SC,Capital-SC,,F901,0301010072,38,81
2021,5,SC,Capital-SC,,F908,0301010072,41,51
2021,5,SC,Capital-SC,,F909,0301010072,25,74
2021,6,RS,Capital-RS,,F900,0301010072,140,148
2021,6,RS,Capital-RS,,F901,0301010072,30,75
2021,6,RS,Capital-RS,,F908,0301010072,23,11
2021,6,RS,Capital-RS,,F909,0301010072,17,37
2021,6,SP,Capital-SP,,F900,0301010072,464,483
2021,6,SP,Capital-SP,,F901,0301010072,62,67
2021,6,SP,Capital-SP,,F908,0301010072,66,88
2021,6,SP,Capital-SP,,F909,0301010072,71,120
2021,6,RJ,Capital-RJ,,F900,0301010072,190,220
2021,6,RJ,Capital-RJ,,F901,0301010072,37,83
2021,6,RJ,Capital-RJ,,F908,0301010072,32,34
2021,6,RJ,Capital-RJ,,F909,0301010072,32,58
2021,6,MG,Capital-MG,,F900,0301010072,295,283
2021,6,MG,Capital-MG,,F901,0301010072,45,43
2021,6,MG,Capital-MG,,F908,0301010072,44,44
2021,6,MG,Capital-MG,,F909,0301010072,43,35
2021,6,PR,Capital-PR,,F900,0301010072,138,157
2021,6,PR,Capital-PR,,F901,0301010072,38,70
2021,6,PR,Capital-PR,,F908,0301010072,35,41
2021,6,PR,Capital-PR,,F909,0301010072,29,11
2021,6,SC,Capital-SC,,F900,0301010072,211,242
2021,6,SC,Capital-SC,,F901,0301010072,53,88
2021,6,SC,Capital-SC,,F908,0301010072,36,45
2021,6,SC,Capital-SC,,F909,0301010072,29,33
2021,7,RS,Capital-RS,,F900,0301010072,203,215
2021,7,RS,Capital-RS,,F901,0301010072,25,67
2021,7,RS,Capital-RS,,F908,0301010072,31,66
2021,7,RS,Capital-RS,,F909,0301010072,34,14
2021,7,SP,Capital-SP,,F900,0301010072,369,367
2021,7,SP,Capital-SP,,F901,0301010072,76,116
2021,7,SP,Capital-SP,,F908,0301010072,33,37
2021,7,SP,Capital-SP,,F909,0301010072,36,35
2021,7,RJ,Capital-RJ,,F900,0301010072,205,251
2021,7,RJ,Capital-RJ,,F901,0301010072,22,57
2021,7,RJ,Capital-RJ,,F908,0301010072,18,8
2021,7,RJ,Capital-RJ,,F909,0301010072,36,32
2021,7,MG,Capital-MG,,F900,0301010072,435,444
2021,7,MG,Capital-MG,,F901,0301010072,39,61
2021,7,MG,Capital-MG,,F908,0301010072,47,76
2021,7,MG,Capital-MG,,F909,0301010072,4,17
2021,7,PR,Capital-PR,,F900,0301010072,190,182
2021,7,PR,Capital-PR,,F901,0301010072,24,30
2021,7,PR,Capital-PR,,F908,0301010072,48,43
2021,7,PR,Capital-PR,,F909,0301010072,39,71
2021,7,SC,Capital-SC,,F900,0301010072,233,272
2021,7,SC,Capital-SC,,F901,0301010072,43,37
2021,7,SC,Capital-SC,,F908,0301010072,14,2
2021,7,SC,Capital-SC,,F909,0301010072,35,40
2021,8,RS,Capital-RS,,F900,0301010072,240,242
2021,8,RS,Capital-RS,,F901,0301010072,32,44
2021,8,RS,Capital-RS,,F908,0301010072,36,76
2021,8,RS,Capital-RS,,F909,0301010072,23,29
2021,8,SP,Capital-SP,,F900,0301010072,403,446
2021,8,SP,Capital-SP,,F901,0301010072,81,74
2021,8,SP,Capital-SP,,F908,0301010072,48,55
2021,8,SP,Capital-SP,,F909,0301010072,41,23
2021,8,RJ,Capital-RJ,,F900,0301010072,275,283
2021,8,RJ,Capital-RJ,,F901,0301010072,35,34
2021,8,RJ,Capital-RJ,,F908,0301010072,28,40
2021,8,RJ,Capital-RJ,,F909,0301010072,18,45
2021,8,MG,Capital-MG,,F900,0301010072,225,227
2021,8,MG,Capital-MG,,F901,0301010072,68,112
2021,8,MG,Capital-MG,,F908,0301010072,60,72
2021,8,MG,Capital-MG,,F909,0301010072,37,76
2021,8,PR,Capital-PR,,F900,0301010072,219,205
2021,8,PR,Capital-PR,,F901,0301010072,27,13
2021,8,PR,Capital-PR,,F908,0301010072,15,27
2021,8,PR,Capital-PR,,F909,0301010072,27,16
2021,8,SC,Capital-SC,,F900,0301010072,167,192
2021,8,SC,Capital-SC,,F901,0301010072,29,30
2021,8,SC,Capital-SC,,F908,0301010072,27,38
2021,8,SC,Capital-SC,,F909,0301010072,39,50
2021,9,RS,Capital-RS,,F900,0301010072,176,209
2021,9,RS,Capital-RS,,F901,0301010072,41,41
2021,9,RS,Capital-RS,,F908,0301010072,34,55
2021,9,RS,Capital-RS,,F909,0301010072,34,37
2021,9,SP,Capital-SP,,F900,0301010072,362,383
2021,9,SP,Capital-SP,,F901,0301010072,52,61
2021,9,SP,Capital-SP,,F908,0301010072,29,34
2021,9,SP,Capital-SP,,F909,0301010072,61,81
2021,9,RJ,Capital-RJ,,F900,0301010072,266,285
2021,9,RJ,Capital-RJ,,F901,0301010072,42,85
2021,9,RJ,Capital-RJ,,F908,0301010072,22,2
2021,9,RJ,Capital-RJ,,F909,0301010072,22,21
2021,9,MG,Capital-MG,,F900,0301010072,416,398
2021,9,MG,Capital-MG,,F901,0301010072,43,58
2021,9,MG,Capital-MG,,F908,0301010072,46,63
2021,9,MG,Capital-MG,,F909,0301010072,34,41
2021,9,PR,Capital-PR,,F900,0301010072,154,143
2021,9,PR,Capital-PR,,F901,0301010072,30,14
2021,9,PR,Capital-PR,,F908,0301010072,49,51
2021,9,PR,Capital-PR,,F909,0301010072,27,9
2021,9,SC,Capital-SC,,F900,0301010072,206,230
2021,9,SC,Capital-SC,,F901,0301010072,36,38
2021,9,SC,Capital-SC,,F908,0301010072,29,59
2021,9,SC,Capital-SC,,F909,0301010072,40,47
2021,10,RS,Capital-RS,,F900,0301010072,136,185
2021,10,RS,Capital-RS,,F901,0301010072,26,33
2021,10,RS,Capital-RS,,F908,0301010072,19,0
2021,10,RS,Capital-RS,,F909,0301010072,22,65
2021,10,SP,Capital-SP,,F900,0301010072,381,407
2021,10,SP,Capital-SP,,F901,0301010072,61,55
2021,10,SP,Capital-SP,,F908,0301010072,64,83
2021,10,SP,Capital-SP,,F909,0301010072,48,43
2021,10,RJ,Capital-RJ,,F900,0301010072,129,114
2021,10,RJ,Capital-RJ,,F901,0301010072,31,63
2021,10,RJ,Capital-RJ,,F908,0301010072,32,40
2021,10,RJ,Capital-RJ,,F909,0301010072,22,3
2021,10,MG,Capital-MG,,F900,0301010072,255,257
2021,10,MG,Capital-MG,,F901,0301010072,58,85
2021,10,MG,Capital-MG,,F908,0301010072,59,61
2021,10,MG,Capital-MG,,F909,0301010072,21,40
2021,10,PR,Capital-PR,,F900,0301010072,269,250
2021,10,PR,Capital-PR,,F901,0301010072,27,10
2021,10,PR,Capital-PR,,F908,0301010072,15,10
2021,10,PR,Capital-PR,,F909,0301010072,24,35
2021,10,SC,Capital-SC,,F900,0301010072,195,199
2021,10,SC,Capital-SC,,F901,0301010072,38,32
2021,10,SC,Capital-SC,,F908,0301010072,33,36
2021,10,SC,Capital-SC,,F909,0301010072,34,83
2021,11,RS,Capital-RS,,F900,0301010072,169,179
2021,11,RS,Capital-RS,,F901,0301010072,38,38
2021,11,RS,Capital-RS,,F908,0301010072,31,24
2021,11,RS,Capital-RS,,F909,0301010072,21,14
2021,11,SP,Capital-SP,,F900,0301010072,342,346
2021,11,SP,Capital-SP,,F901,0301010072,42,49
2021,11,SP,Capital-SP,,F908,0301010072,48,69
2021,11,SP,Capital-SP,,F909,0301010072,79,125
2021,11,RJ,Capital-RJ,,F900,0301010072,196,215
2021,11,RJ,Capital-RJ,,F901,0301010072,36,37
2021,11,RJ,Capital-RJ,,F908,0301010072,43,39
2021,11,RJ,Capital-RJ,,F909,0301010072,33,75
2021,11,MG,Capital-MG,,F900,0301010072,341,388
2021,11,MG,Capital-MG,,F901,0301010072,39,43
2021,11,MG,Capital-MG,,F908,0301010072,59,55
2021,11,MG,Capital-MG,,F909,0301010072,38,60
2021,11,PR,Capital-PR,,F900,0301010072,245,225
2021,11,PR,Capital-PR,,F901,0301010072,21,16
2021,11,PR,Capital-PR,,F908,0301010072,43,80
2021,11,PR,Capital-PR,,F909,0301010072,30,33
2021,11,SC,Capital-SC,,F900,0301010072,186,198
2021,11,SC,Capital-SC,,F901,0301010072,33,70
2021,11,SC,Capital-SC,,F908,0301010072,25,69
2021,11,SC,Capital-SC,,F909,0301010072,34,25
2021,12,RS,Capital-RS,,F900,0301010072,219,209
2021,12,RS,Capital-RS,,F901,0301010072,42,81
2021,12,RS,Capital-RS,,F908,0301010072,25,50
2021,12,RS,Capital-RS,,F909,0301010072,36,37
2021,12,SP,Capital-SP,,F900,0301010072,427,465
2021,12,SP,Capital-SP,,F901,0301010072,31,40
2021,12,SP,Capital-SP,,F908,0301010072,74,92
2021,12,SP,Capital-SP,,F909,0301010072,54,68
2021,12,RJ,Capital-RJ,,F900,0301010072,213,259
2021,12,RJ,Capital-RJ,,F901,0301010072,31,65
2021,12,RJ,Capital-RJ,,F908,0301010072,35,83
2021,12,RJ,Capital-RJ,,F909,0301010072,41,48
2021,12,MG,Capital-MG,,F900,0301010072,437,434
2021,12,MG,Capital-MG,,F901,0301010072,45,75
2021,12,MG,Capital-MG,,F908,0301010072,15,40
2021,12,MG,Capital-MG,,F909,0301010072,29,32
2021,12,PR,Capital-PR,,F900,0301010072,305,337
2021,12,PR,Capital-PR,,F901,0301010072,38,41
2021,12,PR,Capital-PR,,F908,0301010072,28,33
2021,12,PR,Capital-PR,,F909,0301010072,47,39
2021,12,SC,Capital-SC,,F900,0301010072,269,288
2021,12,SC,Capital-SC,,F901,0301010072,38,60
2021,12,SC,Capital-SC,,F908,0301010072,48,46
2021,12,SC,Capital-SC,,F909,0301010072,25,16
2022,1,RS,Capital-RS,,F900,0301010072,186,198
2022,1,RS,Capital-RS,,F901,0301010072,20,61
2022,1,RS,Capital-RS,,F908,0301010072,21,19
2022,1,RS,Capital-RS,,F909,0301010072,34,44
2022,1,SP,Capital-SP,,F900,0301010072,386,433
2022,1,SP,Capital-SP,,F901,0301010072,49,34
2022,1,SP,Capital-SP,,F908,0301010072,45,94
2022,1,SP,Capital-SP,,F909,0301010072,59,62
2022,1,RJ,Capital-RJ,,F900,0301010072,332,346
2022,1,RJ,Capital-RJ,,F901,0301010072,48,83
2022,1,RJ,Capital-RJ,,F908,0301010072,32,14
2022,1,RJ,Capital-RJ,,F909,0301010072,21,59
2022,1,MG,Capital-MG,,F900,0301010072,280,271
2022,1,MG,Capital-MG,,F901,0301010072,26,42
2022,1,MG,Capital-MG,,F908,0301010072,41,25
2022,1,MG,Capital-MG,,F909,0301010072,40,36
2022,1,PR,Capital-PR,,F900,0301010072,312,317
2022,1,PR,Capital-PR,,F901,0301010072,28,56
2022,1,PR,Capital-PR,,F908,0301010072,27,44
2022,1,PR,Capital-PR,,F909,0301010072,18,6
2022,1,SC,Capital-SC,,F900,0301010072,319,335
2022,1,SC,Capital-SC,,F901,0301010072,41,26
2022,1,SC,Capital-SC,,F908,0301010072,37,65
2022,1,SC,Capital-SC,,F909,0301010072,36,52
2022,2,RS,Capital-RS,,F900,0301010072,317,359
2022,2,RS,Capital-RS,,F901,0301010072,45,90
2022,2,RS,Capital-RS,,F908,0301010072,36,63
2022,2,RS,Capital-RS,,F909,0301010072,53,42
2022,2,SP,Capital-SP,,F900,0301010072,407,444
2022,2,SP,Capital-SP,,F901,0301010072,56,67
2022,2,SP,Capital-SP,,F908,0301010072,68,82
2022,2,SP,Capital-SP,,F909,0301010072,86,112
2022,2,RJ,Capital-RJ,,F900,0301010072,250,265
2022,2,RJ,Capital-RJ,,F901,0301010072,24,71
2022,2,RJ,Capital-RJ,,F908,0301010072,31,31
2022,2,RJ,Capital-RJ,,F909,0301010072,24,8
2022,2,MG,Capital-MG,,F900,0301010072,251,258
2022,2,MG,Capital-MG,,F901,0301010072,45,68
2022,2,MG,Capital-MG,,F908,0301010072,61,52
2022,2,MG,Capital-MG,,F909,0301010072,45,42
2022,2,PR,Capital-PR,,F900,0301010072,316,300
2022,2,PR,Capital-PR,,F901,0301010072,28,38
2022,2,PR,Capital-PR,,F908,0301010072,33,14
2022,2,PR,Capital-PR,,F909,0301010072,28,63
2022,2,SC,Capital-SC,,F900,0301010072,214,251
2022,2,SC,Capital-SC,,F901,0301010072,33,53
2022,2,SC,Capital-SC,,F908,0301010072,32,75
2022,2,SC,Capital-SC,,F909,0301010072,29,47
2022,3,RS,Capital-RS,,F900,0301010072,284,292
2022,3,RS,Capital-RS,,F901,0301010072,43,23
2022,3,RS,Capital-RS,,F908,0301010072,27,54
2022,3,RS,Capital-RS,,F909,0301010072,46,58
2022,3,SP,Capital-SP,,F900,0301010072,262,256
2022,3,SP,Capital-SP,,F901,0301010072,69,78
2022,3,SP,Capital-SP,,F908,0301010072,51,47
2022,3,SP,Capital-SP,,F909,0301010072,69,87
2022,3,RJ,Capital-RJ,,F900,0301010072,201,245
2022,3,RJ,Capital-RJ,,F901,0301010072,30,34
2022,3,RJ,Capital-RJ,,F908,0301010072,33,44
2022,3,RJ,Capital-RJ,,F909,0301010072,32,74
2022,3,MG,Capital-MG,,F900,0301010072,260,267
2022,3,MG,Capital-MG,,F901,0301010072,55,94
2022,3,MG,Capital-MG,,F908,0301010072,47,88
2022,3,MG,Capital-MG,,F909,0301010072,77,90
2022,3,PR,Capital-PR,,F900,0301010072,283,331
2022,3,PR,Capital-PR,,F901,0301010072,43,59
2022,3,PR,Capital-PR,,F908,0301010072,33,55
2022,3,PR,Capital-PR,,F909,0301010072,13,15
2022,3,SC,Capital-SC,,F900,0301010072,144,141
2022,3,SC,Capital-SC,,F901,0301010072,41,34
2022,3,SC,Capital-SC,,F908,0301010072,41,87
2022,3,SC,Capital-SC,,F909,0301010072,34,26
2022,4,RS,Capital-RS,,F900,0301010072,145,139
2022,4,RS,Capital-RS,,F901,0301010072,44,41
2022,4,RS,Capital-RS,,F908,0301010072,31,36
2022,4,RS,Capital-RS,,F909,0301010072,26,71
2022,4,SP,Capital-SP,,F900,0301010072,358,386
2022,4,SP,Capital-SP,,F901,0301010072,51,52
2022,4,SP,Capital-SP,,F908,0301010072,64,75
2022,4,SP,Capital-SP,,F909,0301010072,71,52
2022,4,RJ,Capital-RJ,,F900,0301010072,160,185
2022,4,RJ,Capital-RJ,,F901,0301010072,31,70
2022,4,RJ,Capital-RJ,,F908,0301010072,29,48
2022,4,RJ,Capital-RJ,,F909,0301010072,33,22
2022,4,MG,Capital-MG,,F900,0301010072,263,281
2022,4,MG,Capital-MG,,F901,0301010072,39,62
2022,4,MG,Capital-MG,,F908,0301010072,38,55
2022,4,MG,Capital-MG,,F909,0301010072,43,52
2022,4,PR,Capital-PR,,F900,0301010072,153,190
2022,4,PR,Capital-PR,,F901,0301010072,17,9
2022,4,PR,Capital-PR,,F908,0301010072,33,71
2022,4,PR,Capital-PR,,F909,0301010072,47,84
2022,4,SC,Capital-SC,,F900,0301010072,226,261
2022,4,SC,Capital-SC,,F901,0301010072,38,31
2022,4,SC,Capital-SC,,F908,0301010072,30,76
2022,4,SC,Capital-SC,,F909,0301010072,31,64
2022,5,RS,Capital-RS,,F900,0301010072,219,199
2022,5,RS,Capital-RS,,F901,0301010072,25,16
2022,5,RS,Capital-RS,,F908,0301010072,34,16
2022,5,RS,Capital-RS,,F909,0301010072,27,12
2022,5,SP,Capital-SP,,F900,0301010072,484,466
2022,5,SP,Capital-SP,,F901,0301010072,57,45
2022,5,SP,Capital-SP,,F908,0301010072,76,77
2022,5,SP,Capital-SP,,F909,0301010072,73,117
2022,5,RJ,Capital-RJ,,F900,0301010072,206,247
2022,5,RJ,Capital-RJ,,F901,0301010072,35,83
2022,5,RJ,Capital-RJ,,F908,0301010072,13,12
2022,5,RJ,Capital-RJ,,F909,0301010072,31,58
2022,5,MG,Capital-MG,,F900,0301010072,259,275
2022,5,MG,Capital-MG,,F901,0301010072,37,67
2022,5,MG,Capital-MG,,F908,0301010072,47,33
2022,5,MG,Capital-MG,,F909,0301010072,54,84
2022,5,PR,Capital-PR,,F900,0301010072,367,411
2022,5,PR,Capital-PR,,F901,0301010072,25,12
2022,5,PR,Capital-PR,,F908,0301010072,29,17
2022,5,PR,Capital-PR,,F909,0301010072,19,8
2022,5,SC,Capital-SC,,F900,0301010072,287,278
2022,5,SC,Capital-SC,,F901,0301010072,32,61
2022,5,SC,Capital-SC,,F908,0301010072,38,86
2022,5,SC,Capital-SC,,F909,0301010072,34,64
2022,6,RS,Capital-RS,,F900,0301010072,289,284
2022,6,RS,Capital-RS,,F901,0301010072,42,74
2022,6,RS,Capital-RS,,F908,0301010072,24,28
2022,6,RS,Capital-RS,,F909,0301010072,33,33
2022,6,SP,Capital-SP,,F900,0301010072,535,549
2022,6,SP,Capital-SP,,F901,0301010072,66,98
2022,6,SP,Capital-SP,,F908,0301010072,81,96
2022,6,SP,Capital-SP,,F909,0301010072,30,61
2022,6,RJ,Capital-RJ,,F900,0301010072,282,320
2022,6,RJ,Capital-RJ,,F901,0301010072,29,39
2022,6,RJ,Capital-RJ,,F908,0301010072,37,72
2022,6,RJ,Capital-RJ,,F909,0301010072,47,56
2022,6,MG,Capital-MG,,F900,0301010072,348,340
2022,6,MG,Capital-MG,,F901,0301010072,59,68
2022,6,MG,Capital-MG,,F908,0301010072,38,86
2022,6,MG,Capital-MG,,F909,0301010072,36,46
2022,6,PR,Capital-PR,,F900,0301010072,238,227
2022,6,PR,Capital-PR,,F901,0301010072,32,38
2022,6,PR,Capital-PR,,F908,0301010072,37,31
2022,6,PR,Capital-PR,,F909,0301010072,21,26
2022,6,SC,Capital-SC,,F900,0301010072,243,266
2022,6,SC,Capital-SC,,F901,0301010072,37,54
2022,6,SC,Capital-SC,,F908,0301010072,22,60
2022,6,SC,Capital-SC,,F909,0301010072,26,64
2022,7,RS,Capital-RS,,F900,0301010072,212,248
2022,7,RS,Capital-RS,,F901,0301010072,22,11
2022,7,RS,Capital-RS,,F908,0301010072,40,44
2022,7,RS,Capital-RS,,F909,0301010072,23,16
2022,7,SP,Capital-SP,,F900,0301010072,514,541
2022,7,SP,Capital-SP,,F901,0301010072,66,47
2022,7,SP,Capital-SP,,F908,0301010072,70,102
2022,7,SP,Capital-SP,,F909,0301010072,70,76
2022,7,RJ,Capital-RJ,,F900,0301010072,193,184
2022,7,RJ,Capital-RJ,,F901,0301010072,47,96
2022,7,RJ,Capital-RJ,,F908,0301010072,37,41
2022,7,RJ,Capital-RJ,,F909,0301010072,9,8
2022,7,MG,Capital-MG,,F900,0301010072,155,165
2022,7,MG,Capital-MG,,F901,0301010072,39,51
2022,7,MG,Capital-MG,,F908,0301010072,57,38
2022,7,MG,Capital-MG,,F909,0301010072,51,75
2022,7,PR,Capital-PR,,F900,0301010072,193,176
2022,7,PR,Capital-PR,,F901,0301010072,43,27
2022,7,PR,Capital-PR,,F908,0301010072,24,14
2022,7,PR,Capital-PR,,F909,0301010072,24,30
2022,7,SC,Capital-SC,,F900,0301010072,273,263
2022,7,SC,Capital-SC,,F901,0301010072,31,38
2022,7,SC,Capital-SC,,F908,0301010072,49,72
2022,7,SC,Capital-SC,,F909,0301010072,31,39
2022,8,RS,Capital-RS,,F900,0301010072,253,235
2022,8,RS,Capital-RS,,F901,0301010072,36,26
2022,8,RS,Capital-RS,,F908,0301010072,27,58
2022,8,RS,Capital-RS,,F909,0301010072,31,43
2022,8,SP,Capital-SP,,F900,0301010072,276,299
2022,8,SP,Capital-SP,,F901,0301010072,80,63
2022,8,SP,Capital-SP,,F908,0301010072,39,51
2022,8,SP,Capital-SP,,F909,0301010072,49,92
2022,8,RJ,Capital-RJ,,F900,0301010072,242,281
2022,8,RJ,Capital-RJ,,F901,0301010072,23,42
2022,8,RJ,Capital-RJ,,F908,0301010072,27,34
2022,8,RJ,Capital-RJ,,F909,0301010072,29,47
2022,8,MG,Capital-MG,,F900,0301010072,330,317
2022,8,MG,Capital-MG,,F901,0301010072,75,88
2022,8,MG,Capital-MG,,F908,0301010072,69,60
2022,8,MG,Capital-MG,,F909,0301010072,40,77
2022,8,PR,Capital-PR,,F900,0301010072,207,228
2022,8,PR,Capital-PR,,F901,0301010072,40,85
2022,8,PR,Capital-PR,,F908,0301010072,29,31
2022,8,PR,Capital-PR,,F909,0301010072,47,44
2022,8,SC,Capital-SC,,F900,0301010072,229,258
2022,8,SC,Capital-SC,,F901,0301010072,33,20
2022,8,SC,Capital-SC,,F908,0301010072,50,53
2022,8,SC,Capital-SC,,F909,0301010072,29,57
2022,9,RS,Capital-RS,,F900,0301010072,149,133
2022,9,RS,Capital-RS,,F901,0301010072,27,22
2022,9,RS,Capital-RS,,F908,0301010072,27,66
2022,9,RS,Capital-RS,,F909,0301010072,23,33
2022,9,SP,Capital-SP,,F900,0301010072,448,442
2022,9,SP,Capital-SP,,F901,0301010072,65,64
2022,9,SP,Capital-SP,,F908,0301010072,44,50
2022,9,SP,Capital-SP,,F909,0301010072,68,48
2022,9,RJ,Capital-RJ,,F900,0301010072,253,256
2022,9,RJ,Capital-RJ,,F901,0301010072,29,31
2022,9,RJ,Capital-RJ,,F908,0301010072,42,82
2022,9,RJ,Capital-RJ,,F909,0301010072,25,16
2022,9,MG,Capital-MG,,F900,0301010072,255,246
2022,9,MG,Capital-MG,,F901,0301010072,31,32
2022,9,MG,Capital-MG,,F908,0301010072,7,0
2022,9,MG,Capital-MG,,F909,0301010072,59,55
2022,9,PR,Capital-PR,,F900,0301010072,202,191
2022,9,PR,Capital-PR,,F901,0301010072,43,24
2022,9,PR,Capital-PR,,F908,0301010072,34,16
2022,9,PR,Capital-PR,,F909,0301010072,54,96
2022,9,SC,Capital-SC,,F900,0301010072,214,209
2022,9,SC,Capital-SC,,F901,0301010072,26,35
2022,9,SC,Capital-SC,,F908,0301010072,24,66
2022,9,SC,Capital-SC,,F909,0301010072,45,51
2022,10,RS,Capital-RS,,F900,0301010072,195,229
2022,10,RS,Capital-RS,,F901,0301010072,35,54
2022,10,RS,Capital-RS,,F908,0301010072,28,65
2022,10,RS,Capital-RS,,F909,0301010072,32,80
2022,10,SP,Capital-SP,,F900,0301010072,238,277
2022,10,SP,Capital-SP,,F901,0301010072,73,58
2022,10,SP,Capital-SP,,F908,0301010072,68,88
2022,10,SP,Capital-SP,,F909,0301010072,72,114
2022,10,RJ,Capital-RJ,,F900,0301010072,185,208
2022,10,RJ,Capital-RJ,,F901,0301010072,17,38
2022,10,RJ,Capital-RJ,,F908,0301010072,34,17
2022,10,RJ,Capital-RJ,,F909,0301010072,36,52
2022,10,MG,Capital-MG,,F900,0301010072,500,508
2022,10,MG,Capital-MG,,F901,0301010072,47,93
2022,10,MG,Capital-MG,,F908,0301010072,40,56
2022,10,MG,Capital-MG,,F909,0301010072,35,54
2022,10,PR,Capital-PR,,F900,0301010072,80,72
2022,10,PR,Capital-PR,,F901,0301010072,48,45
2022,10,PR,Capital-PR,,F908,0301010072,37,72
2022,10,PR,Capital-PR,,F909,0301010072,22,20
2022,10,SC,Capital-SC,,F900,0301010072,232,268
2022,10,SC,Capital-SC,,F901,0301010072,37,50
2022,10,SC,Capital-SC,,F908,0301010072,29,70
2022,10,SC,Capital-SC,,F909,0301010072,41,44
2022,11,RS,Capital-RS,,F900,0301010072,140,149
2022,11,RS,Capital-RS,,F901,0301010072,32,71
2022,11,RS,Capital-RS,,F908,0301010072,25,44
2022,11,RS,Capital-RS,,F909,0301010072,38,34
2022,11,SP,Capital-SP,,F900,0301010072,403,414
2022,11,SP,Capital-SP,,F901,0301010072,52,98
2022,11,SP,Capital-SP,,F908,0301010072,64,74
2022,11,SP,Capital-SP,,F909,0301010072,36,24
2022,11,RJ,Capital-RJ,,F900,0301010072,203,203
2022,11,RJ,Capital-RJ,,F901,0301010072,34,36
2022,11,RJ,Capital-RJ,,F908,0301010072,24,24
2022,11,RJ,Capital-RJ,,F909,0301010072,27,65
2022,11,MG,Capital-MG,,F900,0301010072,424,472
2022,11,MG,Capital-MG,,F901,0301010072,41,85
2022,11,MG,Capital-MG,,F908,0301010072,60,100
2022,11,MG,Capital-MG,,F909,0301010072,59,50
2022,11,PR,Capital-PR,,F900,0301010072,230,260
2022,11,PR,Capital-PR,,F901,0301010072,33,15
2022,11,PR,Capital-PR,,F908,0301010072,27,15
2022,11,PR,Capital-PR,,F909,0301010072,47,64
2022,11,SC,Capital-SC,,F900,0301010072,210,230
2022,11,SC,Capital-SC,,F901,0301010072,28,67
2022,11,SC,Capital-SC,,F908,0301010072,34,35
2022,11,SC,Capital-SC,,F909,0301010072,31,53
2022,12,RS,Capital-RS,,F900,0301010072,268,304
2022,12,RS,Capital-RS,,F901,0301010072,31,41
2022,12,RS,Capital-RS,,F908,0301010072,36,80
2022,12,RS,Capital-RS,,F909,0301010072,35,36
2022,12,SP,Capital-SP,,F900,0301010072,499,537
2022,12,SP,Capital-SP,,F901,0301010072,50,96
2022,12,SP,Capital-SP,,F908,0301010072,72,62
2022,12,SP,Capital-SP,,F909,0301010072,82,127
2022,12,RJ,Capital-RJ,,F900,0301010072,146,149
2022,12,RJ,Capital-RJ,,F901,0301010072,37,34
2022,12,RJ,Capital-RJ,,F908,0301010072,32,77
2022,12,RJ,Capital-RJ,,F909,0301010072,27,61
2022,12,MG,Capital-MG,,F900,0301010072,431,424
2022,12,MG,Capital-MG,,F901,0301010072,42,47
2022,12,MG,Capital-MG,,F908,0301010072,50,60
2022,12,MG,Capital-MG,,F909,0301010072,54,75
2022,12,PR,Capital-PR,,F900,0301010072,110,94
2022,12,PR,Capital-PR,,F901,0301010072,21,43
2022,12,PR,Capital-PR,,F908,0301010072,34,69
2022,12,PR,Capital-PR,,F909,0301010072,21,70
2022,12,SC,Capital-SC,,F900,0301010072,251,239
2022,12,SC,Capital-SC,,F901,0301010072,43,37
2022,12,SC,Capital-SC,,F908,0301010072,22,31
2022,12,SC,Capital-SC,,F909,0301010072,33,39
2023,1,RS,Capital-RS,,F900,0301010072,246,258
2023,1,RS,Capital-RS,,F901,0301010072,19,22
2023,1,RS,Capital-RS,,F908,0301010072,40,43
2023,1,RS,Capital-RS,,F909,0301010072,29,70
2023,1,SP,Capital-SP,,F900,0301010072,652,634
2023,1,SP,Capital-SP,,F901,0301010072,66,65
2023,1,SP,Capital-SP,,F908,0301010072,60,62
2023,1,SP,Capital-SP,,F909,0301010072,55,40
2023,1,RJ,Capital-RJ,,F900,0301010072,279,276
2023,1,RJ,Capital-RJ,,F901,0301010072,28,48
2023,1,RJ,Capital-RJ,,F908,0301010072,28,8
2023,1,RJ,Capital-RJ,,F909,0301010072,46,95
2023,1,MG,Capital-MG,,F900,0301010072,225,255
2023,1,MG,Capital-MG,,F901,0301010072,24,8
2023,1,MG,Capital-MG,,F908,0301010072,37,72
2023,1,MG,Capital-MG,,F909,0301010072,35,41
2023,1,PR,Capital-PR,,F900,0301010072,260,272
2023,1,PR,Capital-PR,,F901,0301010072,23,22
2023,1,PR,Capital-PR,,F908,0301010072,42,56
2023,1,PR,Capital-PR,,F909,0301010072,30,57
2023,1,SC,Capital-SC,,F900,0301010072,229,215
2023,1,SC,Capital-SC,,F901,0301010072,21,48
2023,1,SC,Capital-SC,,F908,0301010072,49,44
2023,1,SC,Capital-SC,,F909,0301010072,23,21
2023,2,RS,Capital-RS,,F900,0301010072,247,228
2023,2,RS,Capital-RS,,F901,0301010072,31,50
2023,2,RS,Capital-RS,,F908,0301010072,41,56
2023,2,RS,Capital-RS,,F909,0301010072,39,41
2023,2,SP,Capital-SP,,F900,0301010072,528,574
2023,2,SP,Capital-SP,,F901,0301010072,63,102
2023,2,SP,Capital-SP,,F908,0301010072,68,74
2023,2,SP,Capital-SP,,F909,0301010072,87,97
2023,2,RJ,Capital-RJ,,F900,0301010072,196,181
2023,2,RJ,Capital-RJ,,F901,0301010072,25,30
2023,2,RJ,Capital-RJ,,F908,0301010072,41,44
2023,2,RJ,Capital-RJ,,F909,0301010072,34,33
2023,2,MG,Capital-MG,,F900,0301010072,291,334
2023,2,MG,Capital-MG,,F901,0301010072,47,55
2023,2,MG,Capital-MG,,F908,0301010072,48,43
2023,2,MG,Capital-MG,,F909,0301010072,39,86
2023,2,PR,Capital-PR,,F900,0301010072,185,218
2023,2,PR,Capital-PR,,F901,0301010072,23,13
2023,2,PR,Capital-PR,,F908,0301010072,38,23
2023,2,PR,Capital-PR,,F909,0301010072,39,71
2023,2,SC,Capital-SC,,F900,0301010072,160,178
2023,2,SC,Capital-SC,,F901,0301010072,43,74
2023,2,SC,Capital-SC,,F908,0301010072,34,64
2023,2,SC,Capital-SC,,F909,0301010072,42,53
2023,3,RS,Capital-RS,,F900,0301010072,293,294
2023,3,RS,Capital-RS,,F901,0301010072,44,39
2023,3,RS,Capital-RS,,F908,0301010072,29,51
2023,3,RS,Capital-RS,,F909,0301010072,27,24
2023,3,SP,Capital-SP,,F900,0301010072,572,580
2023,3,SP,Capital-SP,,F901,0301010072,51,45
2023,3,SP,Capital-SP,,F908,0301010072,78,63
2023,3,SP,Capital-SP,,F909,0301010072,98,84
2023,3,RJ,Capital-RJ,,F900,0301010072,224,252
2023,3,RJ,Capital-RJ,,F901,0301010072,35,58
2023,3,RJ,Capital-RJ,,F908,0301010072,38,87
2023,3,RJ,Capital-RJ,,F909,0301010072,26,68
2023,3,MG,Capital-MG,,F900,0301010072,288,335
2023,3,MG,Capital-MG,,F901,0301010072,37,56
2023,3,MG,Capital-MG,,F908,0301010072,49,53
2023,3,MG,Capital-MG,,F909,0301010072,75,90
2023,3,PR,Capital-PR,,F900,0301010072,224,218
2023,3,PR,Capital-PR,,F901,0301010072,42,57
2023,3,PR,Capital-PR,,F908,0301010072,21,13
2023,3,PR,Capital-PR,,F909,0301010072,18,66
2023,3,SC,Capital-SC,,F900,0301010072,206,188
2023,3,SC,Capital-SC,,F901,0301010072,14,23
2023,3,SC,Capital-SC,,F908,0301010072,33,42
2023,3,SC,Capital-SC,,F909,0301010072,23,52
2023,4,RS,Capital-RS,,F900,0301010072,252,257
2023,4,RS,Capital-RS,,F901,0301010072,35,34
2023,4,RS,Capital-RS,,F908,0301010072,26,8
2023,4,RS,Capital-RS,,F909,0301010072,31,80
2023,4,SP,Capital-SP,,F900,0301010072,450,479
2023,4,SP,Capital-SP,,F901,0301010072,81,90
2023,4,SP,Capital-SP,,F908,0301010072,40,33
2023,4,SP,Capital-SP,,F909,0301010072,100,145
2023,4,RJ,Capital-RJ,,F900,0301010072,182,209
2023,4,RJ,Capital-RJ,,F901,0301010072,27,27
2023,4,RJ,Capital-RJ,,F908,0301010072,27,14
2023,4,RJ,Capital-RJ,,F909,0301010072,46,85
2023,4,MG,Capital-MG,,F900,0301010072,482,483
2023,4,MG,Capital-MG,,F901,0301010072,60,101
2023,4,MG,Capital-MG,,F908,0301010072,44,24
2023,4,MG,Capital-MG,,F909,0301010072,19,2
2023,4,PR,Capital-PR,,F900,0301010072,222,228
2023,4,PR,Capital-PR,,F901,0301010072,30,50
2023,4,PR,Capital-PR,,F908,0301010072,36,80
2023,4,PR,Capital-PR,,F909,0301010072,42,47
2023,4,SC,Capital-SC,,F900,0301010072,137,177
2023,4,SC,Capital-SC,,F901,0301010072,60,48
2023,4,SC,Capital-SC,,F908,0301010072,31,66
2023,4,SC,Capital-SC,,F909,0301010072,31,28
2023,5,RS,Capital-RS,,F900,0301010072,269,309
2023,5,RS,Capital-RS,,F901,0301010072,18,61
2023,5,RS,Capital-RS,,F908,0301010072,29,78
2023,5,RS,Capital-RS,,F909,0301010072,33,80
2023,5,SP,Capital-SP,,F900,0301010072,433,468
2023,5,SP,Capital-SP,,F901,0301010072,59,106
2023,5,SP,Capital-SP,,F908,0301010072,41,69
2023,5,SP,Capital-SP,,F909,0301010072,76,93
2023,5,RJ,Capital-RJ,,F900,0301010072,304,299
2023,5,RJ,Capital-RJ,,F901,0301010072,45,75
2023,5,RJ,Capital-RJ,,F908,0301010072,29,19
2023,5,RJ,Capital-RJ,,F909,0301010072,28,21
2023,5,MG,Capital-MG,,F900,0301010072,371,392
2023,5,MG,Capital-MG,,F901,0301010072,58,55
2023,5,MG,Capital-MG,,F908,0301010072,54,101
2023,5,MG,Capital-MG,,F909,0301010072,62,96
2023,5,PR,Capital-PR,,F900,0301010072,317,325
2023,5,PR,Capital-PR,,F901,0301010072,29,61
2023,5,PR,Capital-PR,,F908,0301010072,40,83
2023,5,PR,Capital-PR,,F909,0301010072,40,78
2023,5,SC,Capital-SC,,F900,0301010072,220,252
2023,5,SC,Capital-SC,,F901,0301010072,34,35
2023,5,SC,Capital-SC,,F908,0301010072,25,61
2023,5,SC,Capital-SC,,F909,0301010072,37,70
2023,6,RS,Capital-RS,,F900,0301010072,230,258
2023,6,RS,Capital-RS,,F901,0301010072,40,39
2023,6,RS,Capital-RS,,F908,0301010072,48,59
2023,6,RS,Capital-RS,,F909,0301010072,48,93
2023,6,SP,Capital-SP,,F900,0301010072,546,538
2023,6,SP,Capital-SP,,F901,0301010072,58,96
2023,6,SP,Capital-SP,,F908,0301010072,49,48
2023,6,SP,Capital-SP,,F909,0301010072,60,76
2023,6,RJ,Capital-RJ,,F900,0301010072,173,167
2023,6,RJ,Capital-RJ,,F901,0301010072,21,38
2023,6,RJ,Capital-RJ,,F908,0301010072,45,71
2023,6,RJ,Capital-RJ,,F909,0301010072,35,32
2023,6,MG,Capital-MG,,F900,0301010072,245,245
2023,6,MG,Capital-MG,,F901,0301010072,36,29
2023,6,MG,Capital-MG,,F908,0301010072,69,85
2023,6,MG,Capital-MG,,F909,0301010072,69,118
2023,6,PR,Capital-PR,,F900,0301010072,159,155
2023,6,PR,Capital-PR,,F901,0301010072,37,44
2023,6,PR,Capital-PR,,F908,0301010072,41,89
2023,6,PR,Capital-PR,,F909,0301010072,15,12
2023,6,SC,Capital-SC,,F900,0301010072,224,224
2023,6,SC,Capital-SC,,F901,0301010072,42,87
2023,6,SC,Capital-SC,,F908,0301010072,24,12
2023,6,SC,Capital-SC,,F909,0301010072,26,59
2023,7,RS,Capital-RS,,F900,0301010072,209,199
2023,7,RS,Capital-RS,,F901,0301010072,37,63
2023,7,RS,Capital-RS,,F908,0301010072,43,61
2023,7,RS,Capital-RS,,F909,0301010072,22,11
2023,7,SP,Capital-SP,,F900,0301010072,541,526
2023,7,SP,Capital-SP,,F901,0301010072,46,74
2023,7,SP,Capital-SP,,F908,0301010072,83,77
2023,7,SP,Capital-SP,,F909,0301010072,74,117
2023,7,RJ,Capital-RJ,,F900,0301010072,213,208
2023,7,RJ,Capital-RJ,,F901,0301010072,44,77
2023,7,RJ,Capital-RJ,,F908,0301010072,34,67
2023,7,RJ,Capital-RJ,,F909,0301010072,34,57
2023,7,MG,Capital-MG,,F900,0301010072,391,393
2023,7,MG,Capital-MG,,F901,0301010072,38,18
2023,7,MG,Capital-MG,,F908,0301010072,30,53
2023,7,MG,Capital-MG,,F909,0301010072,40,67
2023,7,PR,Capital-PR,,F900,0301010072,239,245
2023,7,PR,Capital-PR,,F901,0301010072,30,41
2023,7,PR,Capital-PR,,F908,0301010072,38,37
2023,7,PR,Capital-PR,,F909,0301010072,30,55
2023,7,SC,Capital-SC,,F900,0301010072,247,244
2023,7,SC,Capital-SC,,F901,0301010072,23,18
2023,7,SC,Capital-SC,,F908,0301010072,40,55
2023,7,SC,Capital-SC,,F909,0301010072,31,28
2023,8,RS,Capital-RS,,F900,0301010072,314,330
2023,8,RS,Capital-RS,,F901,0301010072,28,50
2023,8,RS,Capital-RS,,F908,0301010072,31,21
2023,8,RS,Capital-RS,,F909,0301010072,34,45
2023,8,SP,Capital-SP,,F900,0301010072,340,321
2023,8,SP,Capital-SP,,F901,0301010072,77,107
2023,8,SP,Capital-SP,,F908,0301010072,95,128
2023,8,SP,Capital-SP,,F909,0301010072,54,79
2023,8,RJ,Capital-RJ,,F900,0301010072,173,188
2023,8,RJ,Capital-RJ,,F901,0301010072,19,6
2023,8,RJ,Capital-RJ,,F908,0301010072,34,59
2023,8,RJ,Capital-RJ,,F909,0301010072,20,5
2023,8,MG,Capital-MG,,F900,0301010072,335,315
2023,8,MG,Capital-MG,,F901,0301010072,56,76
2023,8,MG,Capital-MG,,F908,0301010072,53,88
2023,8,MG,Capital-MG,,F909,0301010072,40,63
2023,8,PR,Capital-PR,,F900,0301010072,203,239
2023,8,PR,Capital-PR,,F901,0301010072,26,69
2023,8,PR,Capital-PR,,F908,0301010072,41,21
2023,8,PR,Capital-PR,,F909,0301010072,17,15
2023,8,SC,Capital-SC,,F900,0301010072,194,186
2023,8,SC,Capital-SC,,F901,0301010072,19,56
2023,8,SC,Capital-SC,,F908,0301010072,14,43
2023,8,SC,Capital-SC,,F909,0301010072,17,13
2023,9,RS,Capital-RS,,F900,0301010072,282,298
2023,9,RS,Capital-RS,,F901,0301010072,18,23
2023,9,RS,Capital-RS,,F908,0301010072,29,40
2023,9,RS,Capital-RS,,F909,0301010072,36,48
2023,9,SP,Capital-SP,,F900,0301010072,429,455
2023,9,SP,Capital-SP,,F901,0301010072,62,59
2023,9,SP,Capital-SP,,F908,0301010072,59,86
2023,9,SP,Capital-SP,,F909,0301010072,58,52
2023,9,RJ,Capital-RJ,,F900,0301010072,138,128
2023,9,RJ,Capital-RJ,,F901,0301010072,28,32
2023,9,RJ,Capital-RJ,,F908,0301010072,26,40
2023,9,RJ,Capital-RJ,,F909,0301010072,30,22
2023,9,MG,Capital-MG,,F900,0301010072,233,263
2023,9,MG,Capital-MG,,F901,0301010072,33,32
2023,9,MG,Capital-MG,,F908,0301010072,57,68
2023,9,MG,Capital-MG,,F909,0301010072,58,77
2023,9,PR,Capital-PR,,F900,0301010072,212,242
2023,9,PR,Capital-PR,,F901,0301010072,22,24
2023,9,PR,Capital-PR,,F908,0301010072,35,57
2023,9,PR,Capital-PR,,F909,0301010072,40,69
2023,9,SC,Capital-SC,,F900,0301010072,236,254
2023,9,SC,Capital-SC,,F901,0301010072,42,81
2023,9,SC,Capital-SC,,F908,0301010072,48,56
2023,9,SC,Capital-SC,,F909,0301010072,38,48
2023,10,RS,Capital-RS,,F900,0301010072,167,196
2023,10,RS,Capital-RS,,F901,0301010072,49,50
2023,10,RS,Capital-RS,,F908,0301010072,20,63
2023,10,RS,Capital-RS,,F909,0301010072,27,31
2023,10,SP,Capital-SP,,F900,0301010072,544,558
2023,10,SP,Capital-SP,,F901,0301010072,52,78
2023,10,SP,Capital-SP,,F908,0301010072,29,69
2023,10,SP,Capital-SP,,F909,0301010072,73,109
2023,10,RJ,Capital-RJ,,F900,0301010072,317,333
2023,10,RJ,Capital-RJ,,F901,0301010072,17,20
2023,10,RJ,Capital-RJ,,F908,0301010072,37,39
2023,10,RJ,Capital-RJ,,F909,0301010072,29,42
2023,10,MG,Capital-MG,,F900,0301010072,273,255
2023,10,MG,Capital-MG,,F901,0301010072,42,41
2023,10,MG,Capital-MG,,F908,0301010072,53,100
2023,10,MG,Capital-MG,,F909,0301010072,40,78
2023,10,PR,Capital-PR,,F900,0301010072,280,313
2023,10,PR,Capital-PR,,F901,0301010072,36,72
2023,10,PR,Capital-PR,,F908,0301010072,39,69
2023,10,PR,Capital-PR,,F909,0301010072,25,53
2023,10,SC,Capital-SC,,F900,0301010072,167,213
2023,10,SC,Capital-SC,,F901,0301010072,44,42
2023,10,SC,Capital-SC,,F908,0301010072,40,39
2023,10,SC,Capital-SC,,F909,0301010072,39,31
2023,11,RS,Capital-RS,,F900,0301010072,199,216
2023,11,RS,Capital-RS,,F901,0301010072,30,73
2023,11,RS,Capital-RS,,F908,0301010072,33,39
2023,11,RS,Capital-RS,,F909,0301010072,17,1
2023,11,SP,Capital-SP,,F900,0301010072,579,609
2023,11,SP,Capital-SP,,F901,0301010072,91,77
2023,11,SP,Capital-SP,,F908,0301010072,42,80
2023,11,SP,Capital-SP,,F909,0301010072,59,68
2023,11,RJ,Capital-RJ,,F900,0301010072,219,230
2023,11,RJ,Capital-RJ,,F901,0301010072,31,22
2023,11,RJ,Capital-RJ,,F908,0301010072,34,38
2023,11,RJ,Capital-RJ,,F909,0301010072,38,35
2023,11,MG,Capital-MG,,F900,0301010072,404,430
2023,11,MG,Capital-MG,,F901,0301010072,73,65
2023,11,MG,Capital-MG,,F908,0301010072,41,53
2023,11,MG,Capital-MG,,F909,0301010072,58,81
2023,11,PR,Capital-PR,,F900,0301010072,198,217
2023,11,PR,Capital-PR,,F901,0301010072,48,41
2023,11,PR,Capital-PR,,F908,0301010072,36,54
2023,11,PR,Capital-PR,,F909,0301010072,29,46
2023,11,SC,Capital-SC,,F900,0301010072,186,198
2023,11,SC,Capital-SC,,F901,0301010072,29,20
2023,11,SC,Capital-SC,,F908,0301010072,10,15
2023,11,SC,Capital-SC,,F909,0301010072,41,32
2023,12,RS,Capital-RS,,F900,0301010072,256,277
2023,12,RS,Capital-RS,,F901,0301010072,24,39
2023,12,RS,Capital-RS,,F908,0301010072,31,36
2023,12,RS,Capital-RS,,F909,0301010072,39,66
2023,12,SP,Capital-SP,,F900,0301010072,423,403
2023,12,SP,Capital-SP,,F901,0301010072,66,99
2023,12,SP,Capital-SP,,F908,0301010072,61,109
2023,12,SP,Capital-SP,,F909,0301010072,53,86
2023,12,RJ,Capital-RJ,,F900,0301010072,191,181
2023,12,RJ,Capital-RJ,,F901,0301010072,32,15
2023,12,RJ,Capital-RJ,,F908,0301010072,25,49
2023,12,RJ,Capital-RJ,,F909,0301010072,21,66
2023,12,MG,Capital-MG,,F900,0301010072,566,591
2023,12,MG,Capital-MG,,F901,0301010072,48,29
2023,12,MG,Capital-MG,,F908,0301010072,47,89
2023,12,MG,Capital-MG,,F909,0301010072,48,39
2023,12,PR,Capital-PR,,F900,0301010072,126,125
2023,12,PR,Capital-PR,,F901,0301010072,30,79
2023,12,PR,Capital-PR,,F908,0301010072,29,70
2023,12,PR,Capital-PR,,F909,0301010072,32,48
2023,12,SC,Capital-SC,,F900,0301010072,292,286
2023,12,SC,Capital-SC,,F901,0301010072,35,33
2023,12,SC,Capital-SC,,F908,0301010072,28,18
2023,12,SC,Capital-SC,,F909,0301010072,27,30
